<application>
  <component name="TemplateSettings">
    <option name="deletedKeys">
      <list>
        <TemplateKey>
          <option name="groupName" value="output" />
          <option name="key" value="sout" />
        </TemplateKey>
        <TemplateKey>
          <option name="groupName" value="Flutter" />
          <option name="key" value="stless" />
        </TemplateKey>
        <TemplateKey>
          <option name="groupName" value="Flutter" />
          <option name="key" value="stful" />
        </TemplateKey>
        <TemplateKey>
          <option name="groupName" value="Flutter" />
          <option name="key" value="inh" />
        </TemplateKey>
      </list>
    </option>
  </component>
</application>