<application>
  <component name="UpdatesConfigurable">
    <enabledExternalComponentSources>
      <item value="Android SDK" />
    </enabledExternalComponentSources>
    <option name="externalUpdateChannels">
      <map>
        <entry key="Android SDK" value="Stable Channel" />
      </map>
    </option>
    <ignoredBuildNumbers>
      <item value="emulator#29.2.0" />
      <item value="extras;google;instantapps#1.9.0" />
      <item value="platform-tools#29.0.4" />
      <item value="platforms;android-29#3" />
      <item value="system-images;android-29;google_apis_playstore;x86#7" />
      <item value="emulator#29.2.1" />
    </ignoredBuildNumbers>
    <knownExternalComponentSources>
      <item value="Android SDK" />
    </knownExternalComponentSources>
    <option name="LAST_BUILD_CHECKED" value="AI-191.8026.42.35.5977832" />
    <option name="LAST_TIME_CHECKED" value="1574150547150" />
    <option name="THIRD_PARTY_PLUGINS_ALLOWED" value="true" />
  </component>
</application>